﻿{"cameraMode":{"drawMode":0,"name":"Shaded","section":"Shading Mode"},"sceneLighting":true,"audioPlay":false,"sceneViewState":{"showFog":true,"showMaterialUpdate":false,"showSkybox":true,"showFlares":true,"showImageEffects":true,"showParticleSystems":true},"in2DMode":false,"pivot":{"x":-5.783862113952637,"y":-4.346245765686035,"z":-0.5054540634155273},"rotation":{"x":0.1503591388463974,"y":0.7172157168388367,"z":-0.16325484216213227,"w":0.6605616211891174},"size":40.010372161865237,"orthographic":false}