﻿{"cameraMode":{"drawMode":0,"name":"Shaded","section":"Shading Mode"},"sceneLighting":false,"audioPlay":false,"sceneViewState":{"showFog":true,"showMaterialUpdate":false,"showSkybox":true,"showFlares":true,"showImageEffects":true,"showParticleSystems":true},"in2DMode":false,"pivot":{"x":-1.4220671653747559,"y":4.009599208831787,"z":0.06536531448364258},"rotation":{"x":-0.030194677412509919,"y":0.8639013767242432,"z":-0.05216560140252113,"w":-0.5000414848327637},"size":10.398476600646973,"orthographic":false}