﻿{"cameraMode":{"drawMode":0,"name":"Shaded","section":"Shading Mode"},"sceneLighting":false,"audioPlay":false,"sceneViewState":{"showFog":true,"showMaterialUpdate":false,"showSkybox":true,"showFlares":true,"showImageEffects":true,"showParticleSystems":true},"in2DMode":false,"pivot":{"x":0.019999980926513673,"y":-1.5799999237060547,"z":1.0693459510803223},"rotation":{"x":-0.0033897575922310354,"y":0.9880275726318359,"z":-0.152672678232193,"w":-0.02193598262965679},"size":4.950000286102295,"orthographic":false}