﻿{"cameraMode":{"drawMode":0,"name":"Shaded","section":"Shading Mode"},"sceneLighting":true,"audioPlay":false,"sceneViewState":{"showFog":true,"showMaterialUpdate":false,"showSkybox":true,"showFlares":true,"showImageEffects":true,"showParticleSystems":true},"in2DMode":false,"pivot":{"x":-29.619670867919923,"y":18.71457862854004,"z":6.620649337768555},"rotation":{"x":0.09105975180864334,"y":0.7282968163490295,"z":0.098691925406456,"w":-0.6719759702682495},"size":9.086971282958985,"orthographic":false}